source_release_id,payload_checksum
d4a3cc03-cb49-4a96-b470-f114c3d23089,95899637511b724865cfb9761aec64abc6ddc2f07aadbe76f9da08b938043be5
946a4adc-74cc-4a3e-bc56-a1ee4e031770,7b04f8afabc2e27796df0d7ed2898d2feb0df1fe1c29a067fbcef41de05f03e9
e864def1-ff57-4711-85af-38b35f7ba9ae,f4762462a0dcb1aa6dbcc233a8b87aa4cf3f2933b3c3283f964a27b67990af00
f5101439-a88b-41e4-b80c-7d3dfb33fb8d,ac1fef39161e47157c08b26f6179a73653ad0928d72fc6fefb9e09aa4edd5423
6f27d1d7-ce76-45db-ad81-60c0f8512c7b,2148d69061cfc307bcdfd44ed0dca61077aad083adc76d5d83430309a32b71f5
e2648a60-62c8-469d-90c9-5a4523b50a5e,0078383302d1c1771c498c3f1e8fd9991b0f65bc54864c5750a3bb5b083981cd
12c16a6d-b527-4948-8424-89c09ab2600a,8b50825f546399b497180e75065381f3482539f69a7f37682fb4dd2d2b3a5574
fcdaa0b4-dafb-4eca-8c20-0cf5a0b3351d,e17e6be109710d8865114978986b97e42191944d35154105bc02ffa4dfd348e5
0c000f1a-452a-4457-96d0-2906b1bc4198,f7cc2ab6ca36156ea3439440527aa6820fe97713304ab8a129533e1892987927
e92c0783-db67-4703-aa46-e21aa7933ea2,84899ea8f92f896598b77ba93e36b9134178ef3dc1f332c6f2c363c97d4affb3
b6621349-c37d-42a3-882e-ffd9010983a9,773f6e6e423c317d1d6f43a97c7db657f5a70c39cb13e1869f8c7c7c1a9d5741
a7f5da15-1be5-4993-8ca1-380fc26d75e7,c4d9a1eab0d3b384c9fc8e6703a04eafca9193f86c8cc52056ca8740f5d1a45c
bf9490ec-8a78-4008-ba3c-8e7afeaec440,9ea734d28c9890457715eda3818817cfebc9b7ecf2d3849ca9288a8675969a0d
5c8c832c-c4be-45e1-9b4d-dc4ab9c57130,44f37eccbbf636fa1dcb4e8ab9489f2a243b92a30af9bc4f5cbabfde1b19fe7d
a81a7cc0-d9de-4c61-953d-55188dce924a,2571b4b8c2449252a4e9af72fc7038f98dc731c6ea470d1ca5ba87ae2dc694f5
b6b03ce9-2b2f-4c1a-852b-af0feb72259f,9c19e8d34432d7fce9bf66c4192c7f8e8b00e35d8613eb48b90beb25cb417bd8
58caf6ed-74dc-41d3-938f-407938e6cee8,e1db9985ffd53139771e830cd3a406e47fcb3c361715865ac258320f344b9dc8
e8d626f8-5fd3-48a0-b736-a357ff4878c5,c9f427d6b77f0ab045c77f9a6dfedb22060de86bc2dd1003df89e8277d5606ab
d3f7d2ff-f9c8-43bf-8a8a-6ccc7e7e072d,ca755fecbbcf9bcea62eb3842a1ff65816ec4dad1e87c377efd6772d8bce3c4a
68c8e3b7-c0cb-4980-9ae1-bfbc3525c357,9dc6a3ed73f1501cea0a42a38c5c1d61b200cf491dd77f37eaecb7bef922a124
0c28818e-533d-4e6f-bbaf-bd84c075889f,2aed825d72a11e2c51bfacb12e5e0dd7786f7bba70a57263a59bb2fbf93145fa
523d929b-3f76-4f57-a5be-b05e44775a68,8bcca1dbc54e0775a9bf47257609d7d34a78e0aa6ea03c03c696fdb55ad1d30b
c7d3d425-1548-41d6-b811-3f1010af3bef,266211c725769899f63466f7ff4c61218767a33d63c0ff6a8f7836750c232df8
ec5aa864-1fd4-42d4-a6f0-addc7f3d4b31,d24dc3bb3daed297085b2572833f8fe28f4daa85a42d21f8ace63030e628f62d
109b9c3c-7836-439f-ad33-472d1f99a6e4,57279681aaa724e3b77aa5612fcc91288caab025a09d0b29244c6be3f05a970e
9f0ac062-2488-4c0f-9f5e-18a0b6fcefa1,4989537d0c5cc75cecf8961f73dfd94bcada5dc6f9035bb905a15fc0ef513f8a
335a1bdb-8b51-46fe-b9b5-f5a2a4ede203,87b05ff8e4c041e03b45373bf933e028075c2cb80fd98f18a2d725d2ce5543b7
52c5d521-4e7a-4233-9700-0f59c8ff134f,8ab8d617337b17c6190f05502eea7029fc244713ee4575928078c4c3b066c59c
0322d69b-98f5-4f87-a8a5-2f791a0c3f2f,21b3a299beaa83638ef79d26a9b9c92e5f2387cb376db6888fe232256790dd2f
88b5703b-45e0-40ec-80d6-646523a90ecf,1cd47fc11f8f671928724ca85dd31aaf8f8c37727ea37b15a1ab1980e801e2a7
09b29003-40f8-49fa-9295-3e9de36c3e7a,8daec25faf46fb282e9e7cf220998f069f0f827f3dc8f62a56c223cc4a5f445a
